Name,Web,Email
Antrim and Newtownabbey Borough Council,http://www.antrimandnewtownabbey.gov.uk,info@antrimandnewtownabbey.gov.uk
Ards and North Down Borough Council,http://www.ardsandnorthdown.gov.uk/,enquiries@ardsandnorthdown.gov.uk
"Armagh City, Banbridge and Craigavon Borough Council",http://www.armaghbanbridgecraigavon.gov.uk,info@armaghbanbridgecraigavon.gov.uk
Belfast City Council,http://www.belfastcity.gov.uk/,generalenquiries@belfastcity.gov.uk
Causeway Coast and Glens Borough Council,http://www.causewaycoastandglens.gov.uk/,info@causewaycoastandglens.gov.uk
Derry City and Strabane District Council,http://www.derrystrabane.com/,info@derrystrabane.com
Fermanagh and Omagh District Council - Enniskillen Office,http://www.fermanaghomagh.com/,info@fermanaghomagh.com
Lisburn and Castlereagh City Council,http://www.lisburncastlereagh.gov.uk,enquiries@lisburncastlereagh.gov.uk
Mid and East Antrim Borough Council,http://www.midandeastantrim.gov.uk,enquiries@midandeastantrim.gov.uk
Mid Ulster District Council - Dungannon,http://www.midulstercouncil.org/,info@midulstercouncil.org
"Newry, Mourne and Down District Council",http://www.newrymournedown.org,info@nmandd.org
